Token Holder,Balance
0xb7f,74.63901467086734
0xb28,4.65982196123513
0x1df,1.4362106952143177
0xc17,0.6061741569626148
0x866,0.4738945695325207
0x995,0.12776347185022455
0x235,0.030552223989315543
0x298,0.026610399712503275
0xd1a,0.000135231989254811
0xdeb,1.09347828736e-05
