Token Holder,Balance
0x2d2,168.30901783383217
0xae1,148.9641239123894
0x4f8,125.53443638942962
0xd1a,119.20307591828367
0x894,90.54457551916325
0x09a,82.35525211400233
0xdeb,65.68996187830632
0xe16,58.73621666142801
0xf02,41.555071018185934
0x4fe,28.55298545466278
0x4ff,11.60856961066561
0xc57,4.013813233575981
