Token Holder,Balance
0x929,188.48689353530148
0x2d2,168.30901783383217
0xf02,166.07245278449264
0xae1,148.9641239123894
0xd1a,119.20307591828367
0x1d0,71.3462711505044
0xe16,58.73621666142801
0x4ed,37.49933035868079
0xdd1,21.95635509954997
0xe92,17.29600532476526
0xc57,4.013813233575981
0xe53,1.0
0x2d3,0.4202293845201535
0xa2d,3.2768e-14
0x391,1.6384e-14
