Token Holder,Balance
0xae1,101.29560426042478
0x7d5,69.02396738679097
0x068,61.753727276472
0xe16,58.73621666142801
0xd62,41.51811319612317
0x738,19.068149973390575
0x91e,10.38673696133851
0xe53,1.0
0x2d3,0.4202293845201535
0x618,0.3351918399824044
0x320,5.24288e-13
0xa37,3.2768e-14
0xa2d,3.2768e-14
0x391,1.6384e-14
0x42a,8.192e-15
