Token Holder,Balance
0xae1,101.29560426042478
0x7d5,69.02396738679097
0x068,61.753727276472
0xe16,58.73621666142801
0xa37,58.568159132945254
0x64f,42.574142421387464
0xf02,41.518113196123146
0x41d,11.609288292535773
0x91e,10.38673696133851
0xe66,9.977236434159066
0xbe9,9.09091353923151
0xe53,1.0
0x2d3,0.4202293845201535
0x618,0.3351918399824044
0x320,1.048576e-12
0xa2d,3.2768e-14
0x391,1.6384e-14
0x42a,8.192e-15
