Token Holder,Balance
0xae1,101.2956058500821
0x068,61.75372824558873
0xd62,41.518113847677334
0x738,19.068150272631833
0xe53,1.0000000156932507
0x2d3,0.42022939111491864
0x618,0.33519184524265405
0x320,1.048576016455566e-12
0xa2d,3.276800051423644e-14
0x391,1.638400025711822e-14
0x42a,8.19200012855911e-15
