Token Holder,Balance
0x2d2,168.30901783383217
0xae1,148.9641239123894
0xd1a,119.20307591828367
0xf02,107.32796502169066
0x894,89.54457551916325
0x09a,82.35525211400233
0xdeb,65.68996187830632
0xe16,58.73621666142801
0x235,33.26183609581681
0x4fe,28.55298545466278
0x2df,25.762808513151782
0x664,21.713445034411873
0x259,20.58591186160884
0x52e,17.93112412233777
0xc57,4.013813233575981
0xe53,1.0
0xa2d,3.2768e-14
0x391,1.6384e-14
