Token Holder,Balance
0x2d2,168.30901783383217
0xae1,148.9641239123894
0xdeb,131.37992375661267
0x894,90.54457551916325
0x09a,82.35525211400233
0xe16,58.73621666142801
0xf02,41.555071018185934
0xd2c,22.559461298198173
0x3d8,7.426800496835517
0xde9,1.2570194653724
0x3b9,1.050591693378899
